N,PERCENTAGE,THROUGHPUT
5k,86,13.176957142857143
10k,87,6.861972040816328
15k,88,4.401253469387755
20k,89,3.398026326530612
25k,89,2.762668367346939
