PERCENTAGE,THROUGHPUT
1,162.0192448979592
0.25,45.41171428571428
0.10,11.48854693877551
0.03,2.588821020408163
0.001,0.10340019999999998
0.0002,0.05404145
