PERCENTAGE,THROUGHPUT
86,13.213363265306121
87,6.870762857142857
88,4.445530204081633
89,3.408194693877552
89,2.7859122448979594
