PERCENTAGE,THROUGHPUT
56,8.706879591836735
57,4.561315918367347
57,2.9920881632653056
58,2.320204081632653
58,1.869648367346939
