N,PERCENTAGE,THROUGHPUT
800,3,30.420077551020405
2700,9,29.346759183673473
7500,20,25.58694489795918
13000,29,21.99506530612245
22000,40,18.236204081632653
32000,50,15.480389795918367
50000,60,11.98481836734694
84000,71,8.495465714285714
150000,82,5.460215102040816
350000,91,2.6189812244897963
1000000,97,0.9710669574468085
