PERCENTAGE,THROUGHPUT
51,51.701802040816325
49,30.263102040816328
55,14.338393877551018
67,5.2223114285714285
78,1.6914559183673472
