PERCENTAGE,THROUGHPUT
51,68.70927346938775
54,39.28729387755102
70,14.31914693877551
80,4.635195102040816
89,1.3104995918367348
