PERCENTAGE,THROUGHPUT
36,50.804085714285705
42,31.74207346938776
55,15.645816326530612
69,5.590128571428572
81,1.7814161224489795
