N,PERCENTAGE,THROUGHPUT
256,51,68.26238979591837
512,54,38.671202040816326
1024,70,14.28653265306122
2048,80,4.644290204081633
4096,89,1.309264693877551
